code,cityName,lon,lat,hgt,area,pop,forest,shrubland,grassland,cropland,builtup,bares,snow,water,wetland,mangroves,moss
110000,北京市,116.41000,39.90000,44.82000,1.73000,21885943,0.47677,0.00152,0.13391,0.18092,0.15392,0.03695,0.00000,0.01559,0.00042,0.00000,0.00000
120000,天津市,117.19000,39.13000,5.26000,1.25000,13858764,0.05175,0.00266,0.01572,0.49468,0.20605,0.08145,0.00000,0.12786,0.01982,0.00000,0.00000
130100,石家庄市,114.50000,38.05000,68.42000,1.44000,10957773,0.15025,0.00020,0.15632,0.48770,0.14317,0.05346,0.00000,0.00844,0.00046,0.00000,0.00000
130200,唐山市,118.18000,39.64000,21.94000,1.45000,7709460,0.09636,0.00239,0.06217,0.51341,0.16325,0.07819,0.00000,0.07856,0.00566,0.00000,0.00000
130300,秦皇岛市,119.59000,39.94000,40.31000,0.82000,3130570,0.28688,0.00105,0.20402,0.33389,0.08765,0.05903,0.00000,0.02636,0.00111,0.00000,0.00000
130400,邯郸市,114.49000,36.61000,69.79000,1.21000,9406973,0.05886,0.00024,0.13133,0.60679,0.14939,0.04854,0.00000,0.00459,0.00026,0.00000,0.00000
130500,邢台市,114.51000,37.07000,72.30000,1.26000,7104096,0.06547,0.00054,0.09829,0.64491,0.13265,0.05386,0.00000,0.00420,0.00009,0.00000,0.00000
130600,保定市,115.48000,38.87000,18.64000,2.31000,11534035,0.17211,0.00051,0.24374,0.41531,0.11741,0.04184,0.00000,0.00553,0.00355,0.00000,0.00000
130700,张家口市,114.88000,40.81000,894.46000,3.93000,4107683,0.12742,0.00013,0.48216,0.31186,0.02811,0.04331,0.00000,0.00474,0.00226,0.00000,0.00000
130800,承德市,117.94000,40.98000,501.96000,4.25000,3346303,0.51692,0.00001,0.29408,0.14805,0.01534,0.02385,0.00000,0.00169,0.00005,0.00000,0.00000
130900,沧州市,116.86000,38.31000,9.07000,1.46000,7291605,0.01624,0.00089,0.00334,0.73117,0.13711,0.05277,0.00000,0.05255,0.00593,0.00000,0.00000
131000,廊坊市,116.70000,39.52000,16.44000,0.67000,5459432,0.06035,0.00146,0.00728,0.66380,0.20978,0.05034,0.00000,0.00588,0.00111,0.00000,0.00000
131100,衡水市,115.67000,37.74000,22.70000,0.90000,4209054,0.02227,0.00167,0.00266,0.81167,0.12553,0.02964,0.00000,0.00599,0.00057,0.00000,0.00000
140100,太原市,112.55000,37.86000,850.69000,0.71000,5302192,0.21058,0.00001,0.45378,0.16730,0.07099,0.09135,0.00000,0.00599,0.00001,0.00000,0.00000
140200,大同市,113.30000,40.09000,1100.25000,1.48000,3101107,0.07097,0.00037,0.48644,0.29843,0.04041,0.10040,0.00000,0.00291,0.00006,0.00000,0.00000
140300,阳泉市,113.58000,37.86000,788.92000,0.47000,1317128,0.21189,0.00001,0.52711,0.15007,0.03224,0.07806,0.00000,0.00062,0.00000,0.00000,0.00000
140400,长治市,113.11000,36.19000,963.19000,1.40000,3176392,0.26730,0.00006,0.33568,0.30743,0.02898,0.05668,0.00000,0.00384,0.00004,0.00000,0.00000
140500,晋城市,112.85000,35.50000,783.56000,0.94000,2191155,0.40851,0.00009,0.27726,0.21630,0.03301,0.06252,0.00000,0.00231,0.00000,0.00000,0.00000
140600,朔州市,112.43000,39.33000,1114.62000,1.12000,1590042,0.03627,0.00058,0.40283,0.42348,0.03112,0.10273,0.00000,0.00260,0.00039,0.00000,0.00000
140700,晋中市,112.74000,37.70000,821.88000,1.66000,3375182,0.22771,0.00001,0.41436,0.24150,0.03363,0.08130,0.00000,0.00149,0.00000,0.00000,0.00000
140800,运城市,111.00000,35.02000,425.09000,1.41000,4768004,0.18606,0.00005,0.15675,0.47972,0.06250,0.09959,0.00000,0.01462,0.00071,0.00000,0.00000
140900,忻州市,112.73000,38.42000,823.57000,2.61000,2684022,0.13402,0.00001,0.56047,0.23270,0.01705,0.05479,0.00000,0.00094,0.00000,0.00000,0.00000
141000,临汾市,111.52000,36.08000,495.65000,2.04000,3971345,0.26023,0.00000,0.39381,0.24386,0.03162,0.06933,0.00000,0.00115,0.00001,0.00000,0.00000
141100,吕梁市,111.13000,37.52000,1119.65000,2.16000,3393965,0.22978,0.00000,0.50913,0.15186,0.02468,0.08287,0.00000,0.00168,0.00001,0.00000,0.00000
150100,呼和浩特市,111.67000,40.82000,1072.38000,1.83000,3441482,0.02665,0.00026,0.53444,0.33791,0.04186,0.05434,0.00000,0.00369,0.00086,0.00000,0.00000
150200,包头市,109.84000,40.66000,1096.55000,2.99000,2704662,0.00318,0.00212,0.46468,0.14619,0.02126,0.35761,0.00000,0.00478,0.00018,0.00000,0.00000
150300,乌海市,106.83000,39.67000,1203.78000,0.17000,555900,0.00418,0.00313,0.13118,0.05537,0.08944,0.67595,0.00000,0.03872,0.00202,0.00000,0.00000
150400,赤峰市,118.96000,42.28000,602.17000,9.63000,4016452,0.07779,0.00001,0.56074,0.29169,0.01210,0.05260,0.00000,0.00472,0.00036,0.00000,0.00000
150500,通辽市,122.26000,43.62000,177.08000,6.59000,2859479,0.02476,0.00000,0.39932,0.50450,0.01675,0.05199,0.00000,0.00224,0.00044,0.00000,0.00000
150600,鄂尔多斯市,109.99000,39.82000,1444.45000,9.09000,2145794,0.00047,0.04559,0.51718,0.08151,0.00898,0.33873,0.00000,0.00680,0.00074,0.00000,0.00000
150700,呼伦贝尔市,119.76000,49.22000,629.03000,31.50000,2385208,0.52004,0.00000,0.35315,0.10071,0.00267,0.00514,0.00000,0.01221,0.00604,0.00000,0.00003
150800,巴彦淖尔市,107.42000,40.76000,1038.98000,7.01000,1531956,0.00069,0.00539,0.08478,0.16536,0.00704,0.72614,0.00000,0.00621,0.00438,0.00000,0.00000
150900,乌兰察布市,113.11000,41.03000,1389.18000,5.89000,1698338,0.00688,0.00074,0.56214,0.16537,0.00969,0.25209,0.00000,0.00302,0.00006,0.00000,0.00000
152200,兴安盟,122.07000,46.08000,296.79000,6.43000,1410485,0.21645,0.00000,0.44195,0.31410,0.00822,0.01261,0.00000,0.00497,0.00170,0.00000,0.00000
152500,锡林郭勒盟,116.09000,43.94000,1010.50000,22.51000,1100469,0.00352,0.00021,0.75550,0.02399,0.00188,0.21106,0.00002,0.00211,0.00172,0.00000,0.00000
152900,阿拉善盟,105.71000,38.84000,1658.45000,25.44000,257287,0.00095,0.00181,0.00552,0.00319,0.00063,0.98638,0.00000,0.00117,0.00035,0.00000,0.00000
210100,沈阳市,123.43000,41.80000,48.94000,1.40000,9062209,0.05458,0.00070,0.01824,0.76761,0.09644,0.04397,0.00000,0.01563,0.00284,0.00000,0.00000
210200,大连市,121.62000,38.91000,33.22000,1.39000,7443605,0.24059,0.00032,0.08595,0.39237,0.07429,0.09377,0.00000,0.11053,0.00216,0.00000,0.00000
210300,鞍山市,123.00000,41.11000,62.83000,0.99000,3321366,0.41559,0.00051,0.06707,0.40910,0.06182,0.04084,0.00000,0.00445,0.00062,0.00000,0.00000
210400,抚顺市,123.92000,41.88000,114.78000,1.22000,1858286,0.72945,0.00013,0.01915,0.19720,0.02393,0.02017,0.00000,0.00950,0.00047,0.00000,0.00000
210500,本溪市,123.77000,41.30000,255.14000,0.90000,1323887,0.79991,0.00001,0.01867,0.11363,0.02268,0.02415,0.00000,0.02064,0.00032,0.00000,0.00000
210600,丹东市,124.38000,40.12000,37.95000,1.56000,2184104,0.65593,0.00026,0.05318,0.20035,0.02034,0.03686,0.00000,0.03185,0.00124,0.00000,0.00000
210700,锦州市,121.14000,41.12000,51.87000,1.08000,2698518,0.07935,0.00049,0.09699,0.68421,0.05752,0.04442,0.00000,0.03545,0.00157,0.00000,0.00000
210800,营口市,122.24000,40.67000,0.94000,0.57000,2326060,0.34116,0.00027,0.09359,0.34041,0.09394,0.06799,0.00000,0.06032,0.00233,0.00000,0.00000
210900,阜新市,121.65000,42.01000,189.73000,1.13000,1642161,0.09855,0.00002,0.06728,0.75714,0.03868,0.03541,0.00000,0.00273,0.00018,0.00000,0.00000
211000,辽阳市,123.18000,41.27000,42.45000,0.51000,1602161,0.33784,0.00048,0.04781,0.47341,0.08201,0.04256,0.00000,0.01385,0.00205,0.00000,0.00000
211100,盘锦市,122.07000,41.12000,4.01000,0.39000,1437484,0.01091,0.00104,0.00988,0.71318,0.08691,0.06918,0.00000,0.08735,0.02155,0.00000,0.00000
211200,铁岭市,123.84000,42.29000,90.67000,1.42000,2382289,0.29692,0.00010,0.03272,0.60115,0.03605,0.02235,0.00000,0.00969,0.00102,0.00000,0.00000
211300,朝阳市,120.45000,41.58000,245.23000,2.12000,2865373,0.16948,0.00003,0.31270,0.41938,0.02772,0.06649,0.00000,0.00416,0.00004,0.00000,0.00000
211400,葫芦岛市,120.86000,40.76000,35.56000,1.10000,2429318,0.22037,0.00017,0.24376,0.39772,0.04851,0.04610,0.00000,0.04265,0.00072,0.00000,0.00000
220100,长春市,125.32000,43.89000,212.12000,2.32000,8932935,0.06308,0.00002,0.00992,0.82371,0.05816,0.02649,0.00000,0.01681,0.00181,0.00000,0.00000
220200,吉林市,126.55000,43.84000,231.27000,3.09000,3613342,0.56778,0.00001,0.01522,0.36063,0.02305,0.01396,0.00000,0.01874,0.00061,0.00000,0.00000
220300,四平市,124.37000,43.17000,180.83000,1.61000,1809136,0.11750,0.00001,0.03046,0.78065,0.03758,0.02368,0.00000,0.00980,0.00033,0.00000,0.00000
220400,辽源市,125.15000,42.90000,301.55000,0.57000,994847,0.29621,0.00002,0.01237,0.62794,0.02792,0.02525,0.00000,0.01000,0.00030,0.00000,0.00000
220500,通化市,125.94000,41.72000,527.33000,1.69000,1808480,0.63950,0.00001,0.01694,0.29209,0.01972,0.02090,0.00000,0.01054,0.00030,0.00000,0.00000
220600,白山市,126.43000,41.94000,592.18000,1.90000,970023,0.87989,0.00000,0.02459,0.06358,0.01025,0.01182,0.00000,0.00956,0.00010,0.00000,0.00021
220700,松原市,124.82000,45.12000,134.09000,2.41000,2246507,0.02513,0.00001,0.12548,0.75184,0.02730,0.02380,0.00000,0.03690,0.00954,0.00000,0.00000
220800,白城市,122.84000,45.62000,151.00000,2.96000,1544128,0.01284,0.00002,0.24548,0.65036,0.02076,0.02429,0.00000,0.02911,0.01714,0.00000,0.00000
222400,延边朝鲜族自治州,129.51000,42.90000,291.92000,4.79000,1977233,0.83753,0.00001,0.01528,0.12205,0.01017,0.01011,0.00000,0.00473,0.00012,0.00000,0.00000
230100,哈尔滨市,126.64000,45.76000,132.77000,6.13000,9994540,0.43335,0.00013,0.01196,0.48990,0.03015,0.01023,0.00000,0.01892,0.00535,0.00000,0.00000
230200,齐齐哈尔市,123.96000,47.34000,146.55000,5.06000,4052935,0.06505,0.00006,0.07457,0.77655,0.02128,0.01926,0.00000,0.01797,0.02525,0.00000,0.00000
230300,鸡西市,130.98000,45.30000,261.19000,2.59000,1497329,0.33150,0.00072,0.01108,0.51077,0.01633,0.01832,0.00000,0.07019,0.04109,0.00000,0.00000
230400,鹤岗市,130.28000,47.33000,178.87000,1.76000,889001,0.45440,0.00125,0.01957,0.45466,0.01390,0.01202,0.00000,0.02570,0.01849,0.00000,0.00000
230500,双鸭山市,131.16000,46.64000,194.04000,2.59000,1205396,0.36347,0.00040,0.00852,0.54828,0.01436,0.01553,0.00000,0.01257,0.03687,0.00000,0.00000
230600,大庆市,125.11000,46.59000,145.84000,2.48000,2773850,0.04582,0.00018,0.19372,0.51119,0.03385,0.04130,0.00000,0.07840,0.09554,0.00000,0.00000
230700,伊春市,128.90000,47.72000,301.82000,3.94000,874958,0.86812,0.00015,0.02050,0.09131,0.00536,0.00441,0.00000,0.00875,0.00141,0.00000,0.00000
230800,佳木斯市,130.36000,46.81000,90.11000,3.89000,2150136,0.17613,0.00090,0.00669,0.69927,0.01594,0.02084,0.00000,0.02844,0.05180,0.00000,0.00000
230900,七台河市,131.02000,45.77000,247.01000,0.72000,688116,0.41594,0.00006,0.01675,0.51022,0.02776,0.01871,0.00000,0.00874,0.00182,0.00000,0.00000
231000,牡丹江市,129.62000,44.58000,302.14000,4.40000,2284672,0.73053,0.00000,0.01364,0.22513,0.01285,0.00938,0.00000,0.00829,0.00018,0.00000,0.00000
231100,黑河市,127.50000,50.25000,155.09000,8.26000,1281957,0.52610,0.00005,0.10911,0.34185,0.00465,0.00556,0.00000,0.01095,0.00174,0.00000,0.00000
231200,绥化市,126.99000,46.64000,167.43000,4.12000,3745023,0.17344,0.00005,0.08410,0.67375,0.02515,0.01575,0.00000,0.01423,0.01352,0.00000,0.00000
232700,大兴安岭地区,124.71000,52.34000,440.35000,8.54000,140781,0.89294,0.00001,0.07909,0.01638,0.00149,0.00291,0.00000,0.00694,0.00017,0.00000,0.00008
310000,上海市,121.47000,31.23000,7.55000,0.76000,24866437,0.11798,0.00189,0.02401,0.30813,0.27535,0.10431,0.00000,0.14873,0.01961,0.00000,0.00000
320100,南京市,118.77000,32.04000,14.02000,0.63000,9310620,0.22912,0.00036,0.01073,0.39262,0.15714,0.13460,0.00000,0.07430,0.00113,0.00000,0.00000
320200,无锡市,120.30000,31.57000,8.02000,0.44000,7459537,0.17771,0.00061,0.00752,0.29926,0.24560,0.07572,0.00000,0.19245,0.00112,0.00000,0.00000
320300,徐州市,117.18000,34.26000,40.68000,1.09000,9076255,0.05209,0.00015,0.00592,0.70460,0.12496,0.09212,0.00000,0.01946,0.00069,0.00000,0.00000
320400,常州市,119.95000,31.77000,5.24000,0.42000,5275468,0.16375,0.00065,0.00913,0.42259,0.20954,0.10140,0.00000,0.09168,0.00127,0.00000,0.00000
320500,苏州市,120.62000,31.30000,8.00000,0.82000,11609820,0.09549,0.00118,0.00994,0.26554,0.23331,0.08027,0.00000,0.30651,0.00776,0.00000,0.00000
320600,南通市,120.86000,32.02000,3.81000,0.91000,7720614,0.04361,0.00213,0.01396,0.56916,0.17580,0.08801,0.00000,0.10536,0.00197,0.00000,0.00000
320700,连云港市,119.18000,34.60000,19.08000,0.73000,4594475,0.03252,0.00164,0.00590,0.66808,0.11265,0.07685,0.00000,0.09630,0.00606,0.00000,0.00000
320800,淮安市,119.02000,33.60000,11.62000,0.97000,4550556,0.06294,0.00046,0.00437,0.68563,0.06057,0.04682,0.00000,0.13105,0.00815,0.00000,0.00000
320900,盐城市,120.14000,33.38000,1.49000,1.50000,6700384,0.02654,0.00447,0.00282,0.72566,0.07088,0.05803,0.00000,0.09773,0.01388,0.00000,0.00000
321000,扬州市,119.42000,32.39000,9.62000,0.63000,4555748,0.04635,0.00066,0.00645,0.65787,0.12575,0.05570,0.00000,0.10179,0.00543,0.00000,0.00000
321100,镇江市,119.45000,32.20000,13.34000,0.37000,3207925,0.17035,0.00046,0.00789,0.48406,0.16740,0.09794,0.00000,0.07132,0.00058,0.00000,0.00000
321200,泰州市,119.92000,32.48000,3.54000,0.56000,4510754,0.02553,0.00137,0.00779,0.66314,0.17673,0.06880,0.00000,0.05398,0.00267,0.00000,0.00000
321300,宿迁市,118.28000,33.96000,21.88000,0.83000,4981342,0.03491,0.00055,0.00481,0.70019,0.08229,0.05386,0.00000,0.11521,0.00818,0.00000,0.00000
330100,杭州市,120.15000,30.29000,20.31000,1.57000,12418477,0.72959,0.00033,0.01107,0.07739,0.08385,0.04384,0.00000,0.05365,0.00027,0.00000,0.00000
330200,宁波市,121.55000,29.87000,6.66000,0.89000,9400283,0.44507,0.00044,0.01268,0.16956,0.14819,0.07832,0.00000,0.14400,0.00174,0.00000,0.00000
330300,温州市,120.67000,28.00000,63.32000,1.06000,9569286,0.66073,0.00021,0.04726,0.08158,0.07396,0.05139,0.00000,0.08399,0.00088,0.00000,0.00000
330400,嘉兴市,120.75000,30.76000,6.55000,0.46000,5398158,0.08568,0.00253,0.00949,0.44247,0.20052,0.10207,0.00000,0.15634,0.00090,0.00000,0.00000
330500,湖州市,120.10000,30.87000,20.59000,0.55000,3364616,0.49977,0.00039,0.00657,0.26127,0.10984,0.08765,0.00000,0.03269,0.00181,0.00000,0.00000
330600,绍兴市,120.58000,30.00000,33.97000,0.77000,5267601,0.62623,0.00026,0.01031,0.15328,0.09737,0.06847,0.00000,0.04370,0.00039,0.00000,0.00000
330700,金华市,119.65000,29.09000,60.51000,1.01000,7047079,0.68004,0.00036,0.01673,0.13983,0.08219,0.06311,0.00000,0.01759,0.00015,0.00000,0.00000
330800,衢州市,118.87000,28.94000,85.24000,0.82000,2273493,0.74825,0.00066,0.01329,0.12656,0.04515,0.04639,0.00000,0.01940,0.00030,0.00000,0.00000
330900,舟山市,122.11000,30.02000,46.83000,0.12000,1157124,0.38321,0.00019,0.01935,0.07256,0.12553,0.08817,0.00000,0.30768,0.00331,0.00000,0.00000
331000,台州市,121.43000,28.66000,27.93000,0.89000,6619389,0.60239,0.00047,0.02500,0.12039,0.09573,0.05059,0.00000,0.10343,0.00199,0.00000,0.00000
331100,丽水市,119.92000,28.45000,227.54000,1.59000,2504828,0.88619,0.00010,0.03825,0.02320,0.01606,0.02490,0.00000,0.01129,0.00000,0.00000,0.00000
340100,合肥市,117.28000,31.86000,23.99000,1.09000,9363238,0.15203,0.00026,0.01121,0.58286,0.07959,0.08553,0.00000,0.08611,0.00242,0.00000,0.00000
340200,芜湖市,118.38000,31.33000,7.68000,0.57000,3640412,0.23902,0.00041,0.00697,0.50782,0.08067,0.10265,0.00000,0.05849,0.00397,0.00000,0.00000
340300,蚌埠市,117.36000,32.94000,24.49000,0.58000,3292730,0.02352,0.00020,0.00419,0.81661,0.06242,0.04454,0.00000,0.04141,0.00711,0.00000,0.00000
340400,淮南市,117.02000,32.65000,32.72000,0.53000,3030206,0.03557,0.00042,0.00575,0.75878,0.06782,0.05346,0.00000,0.07258,0.00564,0.00000,0.00000
340500,马鞍山市,118.51000,31.69000,18.88000,0.39000,2157501,0.20077,0.00015,0.00744,0.52062,0.08806,0.09474,0.00000,0.08273,0.00548,0.00000,0.00000
340600,淮北市,116.79000,33.97000,38.89000,0.27000,1968378,0.04427,0.00021,0.01789,0.75647,0.10849,0.06165,0.00000,0.01070,0.00034,0.00000,0.00000
340700,铜陵市,117.82000,30.93000,39.93000,0.28000,1310134,0.34245,0.00010,0.00698,0.39957,0.05285,0.06965,0.00000,0.11469,0.01371,0.00000,0.00000
340800,安庆市,117.04000,30.51000,23.93000,1.27000,4159474,0.47596,0.00007,0.01341,0.31353,0.03804,0.05720,0.00000,0.09110,0.01070,0.00000,0.00000
341000,黄山市,118.32000,29.71000,166.13000,0.90000,1328877,0.90839,0.00008,0.00473,0.03578,0.01794,0.02123,0.00000,0.01179,0.00006,0.00000,0.00000
341100,滁州市,118.32000,32.30000,40.69000,1.30000,3979779,0.16557,0.00010,0.01324,0.68172,0.04263,0.05095,0.00000,0.04026,0.00553,0.00000,0.00000
341200,阜阳市,115.82000,32.90000,30.03000,0.98000,8193632,0.02884,0.00019,0.00309,0.78411,0.11832,0.04822,0.00000,0.01533,0.00188,0.00000,0.00000
341500,六安市,116.51000,31.75000,52.57000,1.47000,4387362,0.48199,0.00005,0.00740,0.38323,0.03162,0.05937,0.00000,0.03416,0.00219,0.00000,0.00000
341600,亳州市,115.78000,33.87000,39.02000,0.83000,4991157,0.02313,0.00041,0.00183,0.85545,0.08204,0.03259,0.00000,0.00447,0.00008,0.00000,0.00000
341700,池州市,117.49000,30.66000,35.13000,0.78000,1340046,0.73109,0.00007,0.00662,0.16324,0.02385,0.03303,0.00000,0.03677,0.00533,0.00000,0.00000
341800,宣城市,118.76000,30.95000,27.93000,1.16000,2495576,0.69473,0.00009,0.01014,0.18695,0.02684,0.05366,0.00000,0.02684,0.00076,0.00000,0.00000
350100,福州市,119.31000,26.08000,96.52000,1.05000,8287912,0.68000,0.00024,0.04263,0.05541,0.07527,0.06008,0.00000,0.08572,0.00046,0.00018,0.00000
350200,厦门市,118.11000,24.49000,12.28000,0.14000,5163237,0.42999,0.00018,0.02843,0.07358,0.21466,0.11824,0.00000,0.13475,0.00017,0.00000,0.00000
350300,莆田市,119.01000,25.43000,101.66000,0.35000,3209113,0.62174,0.00026,0.03578,0.09007,0.10498,0.07779,0.00000,0.06910,0.00028,0.00000,0.00000
350400,三明市,117.64000,26.27000,468.41000,2.08000,2483093,0.86252,0.00009,0.04602,0.04643,0.01256,0.02364,0.00000,0.00874,0.00000,0.00000,0.00000
350500,泉州市,118.59000,24.91000,40.11000,1.00000,8918486,0.65097,0.00008,0.07966,0.05508,0.10029,0.07700,0.00000,0.03663,0.00021,0.00010,0.00000
350600,漳州市,117.66000,24.51000,35.12000,1.12000,5050742,0.72123,0.00021,0.02498,0.04112,0.05517,0.06031,0.00000,0.09621,0.00053,0.00025,0.00000
350700,南平市,118.18000,26.64000,364.58000,2.40000,2676755,0.86722,0.00018,0.03897,0.05254,0.01295,0.01936,0.00000,0.00877,0.00000,0.00000,0.00000
350800,龙岩市,117.03000,25.09000,558.21000,1.71000,2720061,0.86747,0.00006,0.03793,0.03997,0.01831,0.03021,0.00000,0.00604,0.00000,0.00000,0.00000
350900,宁德市,119.53000,26.66000,261.40000,1.19000,3143886,0.77513,0.00008,0.07886,0.03298,0.02232,0.03387,0.00000,0.05663,0.00008,0.00005,0.00000
360100,南昌市,115.89000,28.68000,21.91000,0.66000,6251524,0.18697,0.00079,0.01487,0.44178,0.08642,0.07971,0.00000,0.13081,0.05865,0.00000,0.00000
360200,景德镇市,117.21000,29.29000,106.30000,0.49000,1617420,0.74901,0.00012,0.00958,0.14692,0.03576,0.04202,0.00000,0.01554,0.00106,0.00000,0.00000
360300,萍乡市,113.85000,27.62000,159.61000,0.35000,1803553,0.69096,0.00064,0.03311,0.14975,0.07140,0.04970,0.00000,0.00442,0.00001,0.00000,0.00000
360400,九江市,115.99000,29.71000,50.94000,1.77000,4594389,0.61904,0.00064,0.01186,0.16624,0.03275,0.04539,0.00000,0.09811,0.02597,0.00000,0.00000
360500,新余市,114.93000,27.81000,76.46000,0.29000,1201009,0.54830,0.00038,0.00801,0.28314,0.05291,0.08110,0.00000,0.02603,0.00013,0.00000,0.00000
360600,鹰潭市,117.03000,28.24000,44.21000,0.33000,1152765,0.56824,0.00037,0.01708,0.26680,0.03776,0.08364,0.00000,0.02586,0.00025,0.00000,0.00000
360700,赣州市,114.94000,25.85000,172.94000,3.54000,8962289,0.73577,0.00018,0.09308,0.08685,0.02462,0.05041,0.00000,0.00908,0.00001,0.00000,0.00000
360800,吉安市,114.99000,27.11000,78.66000,2.30000,4462487,0.69590,0.00033,0.02489,0.18662,0.02410,0.05089,0.00000,0.01718,0.00008,0.00000,0.00000
360900,宜春市,114.39000,27.80000,132.07000,1.72000,5000882,0.60518,0.00015,0.01008,0.26332,0.03739,0.06414,0.00000,0.01942,0.00031,0.00000,0.00000
361000,抚州市,116.36000,27.98000,42.59000,1.72000,3609677,0.70520,0.00044,0.02461,0.18419,0.02441,0.04451,0.00000,0.01632,0.00032,0.00000,0.00000
361100,上饶市,117.97000,28.44000,99.60000,2.10000,6483745,0.63820,0.00023,0.01412,0.20163,0.03316,0.04534,0.00000,0.04249,0.02483,0.00000,0.00000
370100,济南市,117.00000,36.68000,68.82000,1.03000,9196202,0.11705,0.00061,0.12880,0.52662,0.15482,0.05933,0.00000,0.01180,0.00098,0.00000,0.00000
370200,青岛市,120.36000,36.08000,14.28000,1.11000,10065014,0.07541,0.00204,0.02618,0.60731,0.13760,0.10519,0.00000,0.04556,0.00070,0.00000,0.00000
370300,淄博市,118.05000,36.81000,54.80000,0.60000,4700824,0.12986,0.00027,0.18162,0.46035,0.16430,0.05568,0.00000,0.00775,0.00017,0.00000,0.00000
370400,枣庄市,117.56000,34.86000,103.61000,0.45000,3852568,0.07484,0.00010,0.07116,0.61797,0.14131,0.08580,0.00000,0.00852,0.00030,0.00000,0.00000
370500,东营市,118.66000,37.43000,2.92000,0.73000,2189514,0.00228,0.00171,0.00213,0.46962,0.11065,0.14598,0.00000,0.22952,0.03811,0.00000,0.00000
370600,烟台市,121.39000,37.54000,23.15000,1.40000,7094039,0.14274,0.00073,0.08866,0.53556,0.07108,0.10917,0.00000,0.05137,0.00068,0.00000,0.00000
370700,潍坊市,119.11000,36.71000,33.63000,1.60000,8853135,0.07044,0.00269,0.04947,0.58184,0.15159,0.08070,0.00000,0.06147,0.00180,0.00000,0.00000
370800,济宁市,116.59000,35.42000,37.46000,1.11000,8350384,0.05455,0.00014,0.02246,0.66540,0.12016,0.07517,0.00000,0.05302,0.00912,0.00000,0.00000
370900,泰安市,117.13000,36.19000,297.12000,0.78000,5464975,0.09329,0.00016,0.05380,0.60366,0.13501,0.08446,0.00000,0.02718,0.00243,0.00000,0.00000
371000,威海市,122.12000,37.51000,36.18000,0.57000,2903018,0.16137,0.00036,0.06485,0.47085,0.07294,0.12775,0.00000,0.09894,0.00294,0.00000,0.00000
371100,日照市,119.46000,35.43000,34.13000,0.53000,2966075,0.12063,0.00006,0.04371,0.58015,0.13255,0.07679,0.00000,0.04578,0.00034,0.00000,0.00000
371300,临沂市,118.33000,35.07000,66.28000,1.70000,11003922,0.09137,0.00015,0.07658,0.60093,0.14613,0.06372,0.00000,0.02062,0.00051,0.00000,0.00000
371400,德州市,116.31000,37.45000,23.10000,1.05000,5603998,0.03090,0.00081,0.00272,0.80164,0.12197,0.03490,0.00000,0.00628,0.00078,0.00000,0.00000
371500,聊城市,115.98000,36.46000,33.66000,0.87000,5946129,0.03170,0.00023,0.00268,0.75843,0.14274,0.05759,0.00000,0.00651,0.00012,0.00000,0.00000
371600,滨州市,118.02000,37.38000,10.90000,0.92000,3923157,0.02092,0.00146,0.00432,0.66515,0.12168,0.06233,0.00000,0.12183,0.00232,0.00000,0.00000
371700,菏泽市,115.47000,35.25000,52.24000,1.20000,8781530,0.04026,0.00021,0.00263,0.77329,0.11962,0.05579,0.00000,0.00730,0.00090,0.00000,0.00000
410100,郑州市,113.67000,34.76000,105.25000,0.75000,12596604,0.13290,0.00015,0.07178,0.46275,0.18317,0.13530,0.00000,0.01391,0.00005,0.00000,0.00000
410200,开封市,114.34000,34.80000,74.18000,0.61000,4819872,0.05197,0.00008,0.00285,0.76741,0.11819,0.05319,0.00000,0.00629,0.00001,0.00000,0.00000
410300,洛阳市,112.43000,34.66000,183.24000,1.49000,7051139,0.41992,0.00002,0.13939,0.31384,0.05264,0.06265,0.00000,0.01151,0.00003,0.00000,0.00000
410400,平顶山市,113.31000,33.74000,132.11000,0.77000,4982761,0.19858,0.00007,0.07568,0.54618,0.09228,0.07063,0.00000,0.01528,0.00130,0.00000,0.00000
410500,安阳市,114.35000,36.10000,80.94000,0.73000,5473434,0.08963,0.00010,0.11828,0.60440,0.13250,0.05160,0.00000,0.00349,0.00000,0.00000,0.00000
410600,鹤壁市,114.30000,35.75000,96.61000,0.21000,1564714,0.05640,0.00013,0.10364,0.63157,0.12578,0.07626,0.00000,0.00621,0.00001,0.00000,0.00000
410700,新乡市,113.88000,35.30000,69.71000,0.82000,6246982,0.07161,0.00012,0.05689,0.66954,0.12428,0.06654,0.00000,0.01100,0.00003,0.00000,0.00000
410800,焦作市,113.24000,35.24000,205.07000,0.39000,3518653,0.11444,0.00015,0.05980,0.58834,0.15555,0.06842,0.00000,0.01331,0.00000,0.00000,0.00000
410900,濮阳市,115.04000,35.77000,52.95000,0.43000,3769218,0.04227,0.00031,0.00277,0.73865,0.14819,0.05154,0.00000,0.01601,0.00025,0.00000,0.00000
411000,许昌市,113.83000,34.02000,74.29000,0.49000,4376533,0.07979,0.00027,0.03397,0.69667,0.13048,0.05683,0.00000,0.00190,0.00009,0.00000,0.00000
411100,漯河市,114.03000,33.58000,61.37000,0.26000,2365751,0.03457,0.00020,0.00222,0.80782,0.11184,0.04160,0.00000,0.00146,0.00029,0.00000,0.00000
411200,三门峡市,111.19000,34.78000,434.72000,0.97000,2031636,0.45653,0.00008,0.24589,0.21632,0.02460,0.04961,0.00000,0.00683,0.00013,0.00000,0.00000
411300,南阳市,112.54000,33.00000,133.61000,2.56000,9701275,0.35018,0.00005,0.04384,0.50069,0.04419,0.04300,0.00000,0.01798,0.00007,0.00000,0.00000
411400,商丘市,115.65000,34.44000,50.70000,1.05000,7809318,0.06418,0.00009,0.00343,0.78240,0.08434,0.06153,0.00000,0.00263,0.00139,0.00000,0.00000
411500,信阳市,114.08000,32.12000,100.18000,1.81000,6225916,0.32277,0.00006,0.01189,0.54806,0.04035,0.05758,0.00000,0.01876,0.00052,0.00000,0.00000
411600,周口市,114.65000,33.62000,49.70000,1.16000,9017792,0.04568,0.00007,0.00178,0.80878,0.08796,0.05343,0.00000,0.00226,0.00002,0.00000,0.00000
411700,驻马店市,114.02000,32.98000,84.95000,1.45000,6999271,0.09813,0.00012,0.01360,0.77128,0.05814,0.04883,0.00000,0.00987,0.00003,0.00000,0.00000
420100,武汉市,114.30000,30.58000,25.67000,0.81000,12319845,0.19845,0.00028,0.02100,0.41577,0.11009,0.12170,0.00000,0.12045,0.01227,0.00000,0.00000
420200,黄石市,115.08000,30.22000,46.32000,0.43000,2466806,0.45978,0.00010,0.01905,0.27836,0.06789,0.07926,0.00000,0.08874,0.00681,0.00000,0.00000
420300,十堰市,110.79000,32.65000,354.40000,2.27000,3204572,0.83927,0.00004,0.04616,0.05590,0.01227,0.02384,0.00000,0.02250,0.00002,0.00000,0.00000
420500,宜昌市,111.29000,30.70000,147.17000,2.00000,4012891,0.76477,0.00016,0.01550,0.14313,0.02241,0.03178,0.00000,0.02214,0.00010,0.00000,0.00000
420600,襄阳市,112.14000,32.04000,80.46000,1.88000,5254084,0.48278,0.00009,0.01187,0.41048,0.03409,0.03817,0.00000,0.02226,0.00026,0.00000,0.00000
420700,鄂州市,114.89000,30.40000,26.68000,0.15000,1078507,0.18249,0.00009,0.00985,0.43533,0.09595,0.09309,0.00000,0.15335,0.02986,0.00000,0.00000
420800,荆门市,112.20000,31.04000,134.96000,1.17000,2591987,0.39712,0.00011,0.00669,0.46912,0.02968,0.06101,0.00000,0.03527,0.00100,0.00000,0.00000
420900,孝感市,113.93000,30.93000,28.01000,0.84000,4265459,0.23847,0.00008,0.03035,0.56442,0.04291,0.09249,0.00000,0.02743,0.00386,0.00000,0.00000
421000,荆州市,112.24000,30.33000,33.10000,1.32000,5224335,0.09797,0.00041,0.00232,0.69313,0.04338,0.06553,0.00000,0.09294,0.00433,0.00000,0.00000
421100,黄冈市,114.88000,30.45000,22.99000,1.64000,5874152,0.53374,0.00003,0.02304,0.29820,0.04024,0.06571,0.00000,0.03616,0.00288,0.00000,0.00000
421200,咸宁市,114.33000,29.83000,69.04000,0.91000,2654604,0.65952,0.00023,0.02044,0.18820,0.03226,0.04856,0.00000,0.04534,0.00545,0.00000,0.00000
421300,随州市,113.37000,31.72000,83.82000,0.92000,2045369,0.56197,0.00001,0.05616,0.28535,0.02103,0.06080,0.00000,0.01415,0.00053,0.00000,0.00000
422800,恩施土家族苗族自治州,109.49000,30.28000,646.97000,2.25000,3452572,0.83458,0.00013,0.03878,0.09147,0.01206,0.01775,0.00000,0.00524,0.00000,0.00000,0.00000
430100,长沙市,112.98000,28.19000,50.75000,1.09000,10042613,0.62993,0.00065,0.00713,0.19247,0.07539,0.07701,0.00000,0.01723,0.00019,0.00000,0.00000
430200,株洲市,113.15000,27.84000,71.69000,1.02000,3898649,0.68231,0.00034,0.03113,0.17980,0.03914,0.05366,0.00000,0.01360,0.00002,0.00000,0.00000
430300,湘潭市,112.94000,27.83000,55.38000,0.46000,2723594,0.58222,0.00020,0.00681,0.25776,0.05387,0.07541,0.00000,0.02358,0.00014,0.00000,0.00000
430400,衡阳市,112.61000,26.90000,70.07000,1.39000,6638407,0.52788,0.00022,0.05108,0.27118,0.04442,0.08580,0.00000,0.01939,0.00003,0.00000,0.00000
430500,邵阳市,111.47000,27.24000,239.16000,1.89000,6557312,0.67036,0.00025,0.09624,0.15053,0.03667,0.03887,0.00000,0.00708,0.00000,0.00000,0.00000
430600,岳阳市,113.13000,29.37000,41.51000,1.38000,5046105,0.47579,0.00018,0.01254,0.31883,0.03250,0.06182,0.00000,0.07150,0.02685,0.00000,0.00000
430700,常德市,111.69000,29.04000,37.03000,1.69000,5272120,0.52932,0.00037,0.00646,0.33558,0.03469,0.04847,0.00000,0.04381,0.00129,0.00000,0.00000
430800,张家界市,110.48000,29.13000,367.43000,0.89000,1515459,0.84664,0.00014,0.02406,0.08156,0.01129,0.02696,0.00000,0.00934,0.00001,0.00000,0.00000
430900,益阳市,112.36000,28.57000,50.80000,1.14000,3847508,0.54809,0.00027,0.01103,0.29338,0.03139,0.03918,0.00000,0.05063,0.02603,0.00000,0.00000
431000,郴州市,113.03000,25.79000,246.50000,1.74000,4661841,0.69620,0.00020,0.10111,0.11493,0.02543,0.04927,0.00000,0.01286,0.00000,0.00000,0.00000
431100,永州市,111.61000,26.43000,126.74000,2.00000,5283477,0.67848,0.00021,0.08089,0.14664,0.02661,0.05777,0.00000,0.00940,0.00001,0.00000,0.00000
431200,怀化市,109.98000,27.55000,347.38000,2.52000,4582991,0.86638,0.00032,0.02814,0.05502,0.01037,0.02540,0.00000,0.01430,0.00007,0.00000,0.00000
431300,娄底市,112.01000,27.73000,137.11000,0.74000,3823768,0.62331,0.00008,0.08438,0.17050,0.05521,0.05680,0.00000,0.00937,0.00036,0.00000,0.00000
433100,湘西土家族苗族自治州,109.74000,28.31000,334.30000,1.43000,2485318,0.84159,0.00009,0.03070,0.08548,0.01211,0.02395,0.00000,0.00606,0.00002,0.00000,0.00000
440100,广州市,113.28000,23.13000,15.35000,0.64000,18673174,0.54673,0.00078,0.01332,0.09406,0.18573,0.07927,0.00000,0.07957,0.00054,0.00000,0.00000
440200,韶关市,113.59000,24.80000,105.84000,1.64000,2851461,0.80996,0.00039,0.05060,0.08056,0.02023,0.02896,0.00000,0.00929,0.00000,0.00000,0.00000
440300,深圳市,114.09000,22.55000,79.98000,0.17000,17493384,0.44697,0.00021,0.01290,0.02435,0.32777,0.07507,0.00000,0.11149,0.00025,0.00098,0.00000
440400,珠海市,113.55000,22.22000,22.99000,0.14000,2438768,0.25348,0.00193,0.03168,0.09340,0.13391,0.12819,0.00000,0.35190,0.00479,0.00072,0.00000
440500,汕头市,116.71000,23.37000,12.30000,0.19000,5500912,0.28437,0.00115,0.05607,0.13953,0.20110,0.10618,0.00000,0.20209,0.00951,0.00000,0.00000
440600,佛山市,113.12000,23.03000,3.01000,0.33000,9496718,0.27742,0.00058,0.01788,0.16324,0.32526,0.14366,0.00000,0.07114,0.00081,0.00000,0.00000
440700,江门市,113.09000,22.59000,16.00000,0.82000,4794472,0.56943,0.00052,0.03252,0.14777,0.07201,0.07066,0.00000,0.10434,0.00210,0.00065,0.00000
440800,湛江市,110.36000,21.27000,17.25000,1.07000,6974918,0.39038,0.00073,0.04183,0.30951,0.05361,0.08315,0.00000,0.11459,0.00214,0.00406,0.00000
440900,茂名市,110.92000,21.66000,17.13000,0.99000,6169372,0.72128,0.00019,0.04042,0.10533,0.05088,0.05627,0.00000,0.02488,0.00056,0.00017,0.00000
441200,肇庆市,112.47000,23.05000,75.81000,1.32000,4109762,0.81661,0.00041,0.02710,0.06606,0.03135,0.03866,0.00000,0.01948,0.00033,0.00000,0.00000
441300,惠州市,114.41000,23.08000,28.47000,1.00000,6039451,0.71657,0.00046,0.03768,0.08575,0.05832,0.06291,0.00000,0.03787,0.00038,0.00006,0.00000
441400,梅州市,116.12000,24.30000,165.36000,1.41000,3869527,0.78291,0.00024,0.09593,0.04308,0.02898,0.03888,0.00000,0.00997,0.00001,0.00000,0.00000
441500,汕尾市,115.36000,22.77000,31.52000,0.42000,2736836,0.52966,0.00041,0.10452,0.10895,0.04534,0.06367,0.00000,0.11483,0.00457,0.00000,0.00000
441600,河源市,114.70000,23.75000,121.43000,1.39000,2834797,0.76954,0.00024,0.09444,0.05052,0.02017,0.03778,0.00000,0.02732,0.00000,0.00000,0.00000
441700,阳江市,111.98000,21.86000,18.39000,0.68000,2600419,0.71983,0.00033,0.04714,0.09711,0.03347,0.04310,0.00000,0.05700,0.00123,0.00078,0.00000
441800,清远市,113.05000,23.69000,49.39000,1.69000,3965000,0.78035,0.00035,0.05831,0.08897,0.02537,0.03429,0.00000,0.01229,0.00006,0.00000,0.00000
441900,东莞市,113.75000,23.05000,12.61000,0.22000,10465215,0.31832,0.00040,0.01230,0.07601,0.40966,0.10610,0.00000,0.07683,0.00040,0.00000,0.00000
442000,中山市,113.38000,22.52000,33.78000,0.15000,4417076,0.24374,0.00176,0.01912,0.14358,0.30369,0.13670,0.00000,0.14936,0.00203,0.00000,0.00000
445100,潮州市,116.63000,23.66000,22.27000,0.28000,2567316,0.66680,0.00070,0.03484,0.04992,0.09627,0.05471,0.00000,0.08780,0.00896,0.00000,0.00000
445200,揭阳市,116.36000,23.54000,13.38000,0.46000,5575769,0.62459,0.00062,0.06742,0.09440,0.10158,0.07696,0.00000,0.03317,0.00125,0.00000,0.00000
445300,云浮市,112.04000,22.93000,234.59000,0.68000,2381108,0.82423,0.00020,0.02481,0.06667,0.03334,0.04028,0.00000,0.01042,0.00005,0.00000,0.00000
450100,南宁市,108.32000,22.82000,91.06000,1.95000,8734591,0.65125,0.00119,0.03593,0.20944,0.03762,0.04906,0.00000,0.01548,0.00003,0.00000,0.00000
450200,柳州市,109.41000,24.31000,116.83000,1.66000,4154137,0.78735,0.00135,0.04151,0.10673,0.02406,0.02667,0.00000,0.01232,0.00000,0.00000,0.00000
450300,桂林市,110.30000,25.27000,178.30000,2.48000,4925437,0.80341,0.00159,0.07250,0.06817,0.02316,0.02499,0.00000,0.00618,0.00000,0.00000,0.00000
450400,梧州市,111.30000,23.47000,84.90000,1.11000,2818601,0.86797,0.00047,0.03283,0.03463,0.01846,0.02997,0.00000,0.01567,0.00001,0.00000,0.00000
450500,北海市,109.12000,21.47000,6.04000,0.30000,1851534,0.40127,0.00051,0.03200,0.28680,0.06258,0.07317,0.00000,0.13289,0.00158,0.00922,0.00000
450600,防城港市,108.35000,21.61000,13.17000,0.52000,1044900,0.78417,0.00063,0.02923,0.06877,0.02427,0.03166,0.00000,0.05759,0.00046,0.00322,0.00000
450700,钦州市,108.62000,21.97000,18.79000,0.94000,3298817,0.77748,0.00021,0.02149,0.09629,0.03026,0.03723,0.00000,0.03528,0.00019,0.00157,0.00000
450800,贵港市,109.60000,23.09000,83.37000,0.94000,4312305,0.61987,0.00097,0.03604,0.22306,0.04782,0.05204,0.00000,0.02018,0.00001,0.00000,0.00000
450900,玉林市,110.15000,22.63000,86.87000,1.12000,5792031,0.76890,0.00052,0.04215,0.09251,0.04622,0.04308,0.00000,0.00660,0.00002,0.00000,0.00000
451000,百色市,106.62000,23.90000,214.04000,3.21000,3566559,0.79618,0.00153,0.10603,0.06229,0.01111,0.01587,0.00000,0.00697,0.00002,0.00000,0.00000
451100,贺州市,111.55000,24.41000,151.45000,1.05000,2005711,0.78914,0.00059,0.04460,0.09579,0.02000,0.03949,0.00000,0.01039,0.00000,0.00000,0.00000
451200,河池市,108.06000,24.70000,346.34000,2.99000,3413231,0.80903,0.00093,0.10842,0.04984,0.01058,0.01300,0.00000,0.00820,0.00000,0.00000,0.00000
451300,来宾市,109.23000,23.73000,94.89000,1.19000,2070724,0.67570,0.00139,0.04520,0.21453,0.02137,0.03130,0.00000,0.01052,0.00000,0.00000,0.00000
451400,崇左市,107.35000,22.40000,165.61000,1.52000,2084743,0.68448,0.00090,0.06805,0.19345,0.01680,0.02847,0.00000,0.00785,0.00001,0.00000,0.00000
460100,海口市,110.33000,20.03000,9.84000,0.19000,2872258,0.55287,0.00188,0.03181,0.12906,0.08175,0.06773,0.00000,0.12307,0.00209,0.00974,0.00000
460200,三亚市,109.51000,18.25000,31.28000,0.16000,1030795,0.60073,0.00011,0.02105,0.06174,0.04416,0.03011,0.00000,0.24070,0.00108,0.00031,0.00000
500000,重庆市,106.50000,29.53000,298.79000,7.71000,32032249,0.76076,0.00023,0.03689,0.12375,0.02393,0.04007,0.00000,0.01427,0.00010,0.00000,0.00000
510100,成都市,104.07000,30.66000,500.50000,1.35000,20931143,0.50965,0.00003,0.02193,0.26103,0.09886,0.09690,0.00000,0.01082,0.00001,0.00000,0.00079
510300,自贡市,104.77000,29.35000,326.23000,0.41000,2487251,0.38317,0.00001,0.00482,0.47653,0.03931,0.08401,0.00000,0.01213,0.00001,0.00000,0.00000
510400,攀枝花市,101.72000,26.58000,1452.19000,0.67000,1211260,0.57989,0.00077,0.21085,0.14032,0.01256,0.04099,0.00000,0.01462,0.00000,0.00000,0.00000
510500,泸州市,105.44000,28.89000,302.12000,1.13000,4250423,0.66325,0.00055,0.02559,0.23669,0.02000,0.04254,0.00000,0.01136,0.00000,0.00000,0.00000
510600,德阳市,104.40000,31.13000,523.13000,0.56000,3453411,0.39917,0.00000,0.04250,0.40132,0.07145,0.08099,0.00000,0.00455,0.00001,0.00000,0.00000
510700,绵阳市,104.74000,31.46000,493.54000,1.93000,4862039,0.71364,0.00001,0.03714,0.17232,0.02337,0.03957,0.00028,0.00798,0.00000,0.00000,0.00570
510800,广元市,105.83000,32.43000,710.20000,1.56000,2302018,0.86468,0.00001,0.01268,0.07328,0.01267,0.02271,0.00000,0.01394,0.00002,0.00000,0.00000
510900,遂宁市,105.57000,30.51000,316.19000,0.50000,2811926,0.59179,0.00007,0.00447,0.28481,0.03441,0.06516,0.00000,0.01926,0.00002,0.00000,0.00000
511000,内江市,105.07000,29.59000,331.22000,0.50000,3138175,0.43288,0.00001,0.00620,0.43538,0.03569,0.07857,0.00000,0.01128,0.00001,0.00000,0.00000
511100,乐山市,103.76000,29.58000,389.82000,1.18000,3156953,0.80842,0.00002,0.01835,0.10113,0.02106,0.03731,0.00000,0.01369,0.00000,0.00000,0.00000
511300,南充市,106.08000,30.80000,313.25000,1.18000,5602978,0.68304,0.00003,0.00677,0.21492,0.02494,0.05189,0.00000,0.01841,0.00000,0.00000,0.00000
511400,眉山市,103.83000,30.05000,420.79000,0.67000,2952219,0.57959,0.00003,0.00852,0.28011,0.04198,0.07537,0.00000,0.01433,0.00007,0.00000,0.00000
511500,宜宾市,104.63000,28.76000,373.79000,1.22000,4585311,0.64738,0.00002,0.01053,0.26022,0.01895,0.04939,0.00000,0.01349,0.00000,0.00000,0.00000
511600,广安市,106.63000,30.46000,304.51000,0.60000,3251920,0.60817,0.00007,0.01708,0.27904,0.02864,0.04831,0.00000,0.01866,0.00003,0.00000,0.00000
511700,达州市,107.50000,31.21000,425.09000,1.57000,5380819,0.81063,0.00002,0.01609,0.11970,0.01629,0.02882,0.00000,0.00845,0.00001,0.00000,0.00000
511800,雅安市,103.00000,29.99000,894.73000,1.41000,1432839,0.82155,0.00059,0.10956,0.02055,0.00762,0.02293,0.00002,0.00834,0.00000,0.00000,0.00885
511900,巴中市,106.75000,31.86000,518.81000,1.17000,2710990,0.88696,0.00000,0.01027,0.06111,0.01058,0.02529,0.00000,0.00579,0.00000,0.00000,0.00000
512000,资阳市,104.64000,30.12000,399.29000,0.54000,2305943,0.55195,0.00015,0.00231,0.34844,0.02353,0.06373,0.00000,0.00986,0.00002,0.00000,0.00000
513200,阿坝藏族羌族自治州,102.22000,31.90000,3497.11000,7.96000,812397,0.32982,0.00212,0.55771,0.00264,0.00139,0.03204,0.00159,0.00257,0.01419,0.00000,0.05593
513300,甘孜藏族自治州,101.96000,30.05000,3735.10000,14.13000,1082124,0.24524,0.00727,0.61079,0.00152,0.00098,0.04810,0.00381,0.00339,0.00099,0.00000,0.07791
513400,凉山彝族自治州,102.26000,27.89000,1631.38000,5.52000,4839580,0.55713,0.00863,0.29465,0.09538,0.00499,0.03076,0.00003,0.00823,0.00008,0.00000,0.00011
520100,贵阳市,106.71000,26.58000,1158.33000,0.73000,5984178,0.54070,0.01272,0.14104,0.17953,0.04233,0.07127,0.00000,0.01241,0.00000,0.00000,0.00000
520200,六盘水市,104.85000,26.58000,1929.81000,0.89000,3028937,0.49089,0.01320,0.25106,0.17439,0.02182,0.04527,0.00000,0.00337,0.00001,0.00000,0.00000
520300,遵义市,106.94000,27.71000,936.31000,2.83000,6600031,0.73855,0.00264,0.09591,0.11097,0.01693,0.03167,0.00000,0.00332,0.00000,0.00000,0.00000
520400,安顺市,105.93000,26.25000,1398.98000,0.83000,2468419,0.44927,0.01239,0.25560,0.20280,0.02803,0.04564,0.00000,0.00625,0.00000,0.00000,0.00000
520500,毕节市,105.29000,27.30000,1629.33000,2.44000,6893532,0.40086,0.01502,0.23631,0.28275,0.01251,0.04692,0.00000,0.00562,0.00000,0.00000,0.00000
520600,铜仁市,109.19000,27.72000,434.28000,1.65000,3294561,0.66387,0.00289,0.15864,0.11171,0.01722,0.03958,0.00000,0.00609,0.00000,0.00000,0.00000
522300,黔西南布依族苗族自治州,104.90000,25.09000,1323.87000,1.51000,3011029,0.56484,0.00501,0.22643,0.14175,0.01332,0.03734,0.00000,0.01131,0.00001,0.00000,0.00000
522600,黔东南苗族侗族自治州,107.98000,26.58000,826.33000,2.74000,3753100,0.77987,0.00405,0.10920,0.06482,0.01189,0.02517,0.00000,0.00500,0.00000,0.00000,0.00000
522700,黔南布依族苗族自治州,107.52000,26.26000,972.92000,2.36000,3489427,0.67561,0.00700,0.16612,0.10095,0.01540,0.03055,0.00000,0.00436,0.00000,0.00000,0.00000
530100,昆明市,102.71000,25.04000,1951.85000,1.88000,8453933,0.47389,0.00241,0.16748,0.21840,0.03905,0.07776,0.00000,0.02101,0.00000,0.00000,0.00000
530300,曲靖市,103.80000,25.50000,1926.11000,2.60000,5756859,0.46945,0.00466,0.14491,0.29839,0.02146,0.05625,0.00000,0.00486,0.00002,0.00000,0.00000
530400,玉溪市,102.54000,24.35000,1773.17000,1.33000,2246843,0.60970,0.00353,0.14446,0.15312,0.01825,0.04840,0.00000,0.02254,0.00001,0.00000,0.00000
530500,保山市,99.17000,25.11000,1900.60000,1.70000,2428140,0.70746,0.00013,0.12477,0.11127,0.01338,0.03539,0.00000,0.00760,0.00000,0.00000,0.00000
530600,昭通市,103.72000,27.34000,1979.26000,2.05000,5089756,0.53484,0.00487,0.23105,0.17090,0.01068,0.04247,0.00000,0.00520,0.00000,0.00000,0.00000
530700,丽江市,100.23000,26.87000,2607.07000,1.87000,1251958,0.65026,0.00395,0.20564,0.08815,0.00701,0.03021,0.00034,0.01443,0.00000,0.00000,0.00000
530800,普洱市,100.97000,22.78000,1438.51000,3.90000,2402190,0.78875,0.00070,0.11591,0.06877,0.00443,0.01497,0.00000,0.00646,0.00000,0.00000,0.00000
530900,临沧市,100.09000,23.89000,1862.71000,2.10000,2255747,0.64897,0.00038,0.20945,0.10517,0.00721,0.02156,0.00000,0.00727,0.00000,0.00000,0.00000
532300,楚雄彝族自治州,101.55000,25.04000,1887.72000,2.55000,2411885,0.61637,0.00095,0.16770,0.15798,0.00827,0.04489,0.00000,0.00383,0.00000,0.00000,0.00000
532500,红河哈尼族彝族自治州,103.38000,23.37000,1440.43000,2.84000,4473350,0.60120,0.00185,0.17236,0.16151,0.01349,0.04433,0.00000,0.00522,0.00005,0.00000,0.00000
532600,文山壮族苗族自治州,104.24000,23.37000,1431.86000,2.78000,3498959,0.61080,0.00397,0.17963,0.16283,0.00813,0.03151,0.00000,0.00313,0.00001,0.00000,0.00000
532800,西双版纳傣族自治州,100.80000,22.00000,742.04000,1.67000,1299044,0.85713,0.00057,0.07115,0.04664,0.00754,0.01366,0.00000,0.00331,0.00000,0.00000,0.00000
532900,大理白族自治州,100.23000,25.59000,2197.04000,2.55000,3333176,0.57694,0.00127,0.18895,0.16600,0.01379,0.03905,0.00000,0.01391,0.00009,0.00000,0.00000
533100,德宏傣族景颇族自治州,98.58000,24.44000,1079.18000,1.00000,1314299,0.77909,0.00056,0.06489,0.10824,0.01870,0.02112,0.00000,0.00740,0.00000,0.00000,0.00000
533300,怒江傈僳族自治州,98.85000,25.85000,1803.21000,1.33000,551933,0.73329,0.00062,0.19763,0.01194,0.00241,0.01953,0.00189,0.00498,0.00000,0.00000,0.02771
533400,迪庆藏族自治州,99.71000,27.83000,3561.27000,2.13000,386679,0.69144,0.00220,0.20445,0.01041,0.00266,0.05059,0.00293,0.00526,0.00040,0.00000,0.02967
540100,拉萨市,91.13000,29.66000,4098.83000,2.77000,866802,0.00016,0.00736,0.63341,0.00692,0.00474,0.16085,0.01783,0.03427,0.00031,0.00000,0.13413
540200,日喀则市,88.89000,29.27000,3919.94000,16.67000,794608,0.00601,0.00007,0.46201,0.00279,0.00078,0.43214,0.02458,0.02240,0.00028,0.00000,0.04893
540300,昌都市,97.18000,31.14000,3866.93000,10.35000,741795,0.11932,0.01378,0.56789,0.00074,0.00102,0.13299,0.01765,0.00411,0.00001,0.00000,0.14250
540400,林芝市,94.36000,29.65000,3877.54000,10.60000,236709,0.47301,0.00554,0.18328,0.00173,0.00073,0.07047,0.07835,0.00816,0.00000,0.00000,0.17874
540500,山南市,91.77000,29.24000,3875.45000,7.28000,352552,0.35681,0.00454,0.34068,0.00570,0.00161,0.15603,0.02998,0.01862,0.00007,0.00000,0.08596
540600,那曲市,92.06000,31.48000,4587.84000,33.97000,497417,0.00194,0.00065,0.41067,0.00000,0.00016,0.47479,0.00730,0.05544,0.00015,0.00000,0.04891
542500,阿里地区,80.11000,32.50000,4434.65000,32.55000,122853,0.00001,0.00000,0.12991,0.00001,0.00012,0.78511,0.01887,0.03006,0.00021,0.00000,0.03572
610100,西安市,108.95000,34.26000,413.71000,0.99000,11361265,0.51085,0.00006,0.04702,0.27753,0.11193,0.04711,0.00000,0.00549,0.00001,0.00000,0.00000
610200,铜川市,108.98000,34.92000,754.36000,0.38000,696872,0.42937,0.00001,0.24546,0.26473,0.02518,0.03433,0.00000,0.00087,0.00005,0.00000,0.00000
610300,宝鸡市,107.14000,34.37000,721.15000,1.78000,3318252,0.64029,0.00002,0.12412,0.18559,0.02861,0.01852,0.00000,0.00285,0.00001,0.00000,0.00000
610400,咸阳市,108.71000,34.33000,416.25000,1.02000,4237240,0.16504,0.00002,0.19656,0.51866,0.06471,0.05181,0.00000,0.00319,0.00001,0.00000,0.00000
610500,渭南市,109.50000,34.50000,410.70000,1.28000,4682087,0.14690,0.00005,0.12310,0.55584,0.05681,0.09937,0.00000,0.01763,0.00031,0.00000,0.00000
610600,延安市,109.49000,36.60000,1099.74000,3.72000,2277274,0.32554,0.00001,0.53143,0.08263,0.00853,0.04996,0.00000,0.00191,0.00001,0.00000,0.00000
610700,汉中市,107.03000,33.08000,537.58000,2.62000,3205330,0.87507,0.00002,0.02618,0.06502,0.01121,0.01848,0.00000,0.00401,0.00001,0.00000,0.00000
610800,榆林市,109.74000,38.29000,1122.11000,4.40000,3615991,0.00324,0.01061,0.62903,0.15623,0.01463,0.17992,0.00000,0.00633,0.00001,0.00000,0.00000
610900,安康市,109.03000,32.69000,388.93000,2.26000,2488764,0.90455,0.00005,0.03381,0.03302,0.00851,0.01470,0.00000,0.00535,0.00000,0.00000,0.00000
611000,商洛市,109.94000,33.87000,929.38000,1.90000,2037707,0.83402,0.00007,0.10360,0.03641,0.00853,0.01684,0.00000,0.00053,0.00000,0.00000,0.00000
620100,兰州市,103.82000,36.06000,1676.24000,1.30000,4356719,0.03644,0.00114,0.60838,0.15745,0.03634,0.15714,0.00000,0.00303,0.00008,0.00000,0.00000
620200,嘉峪关市,98.28000,39.79000,1667.07000,0.13000,311795,0.00369,0.01942,0.00888,0.08608,0.06052,0.80749,0.00000,0.01105,0.00288,0.00000,0.00000
620300,金昌市,102.19000,38.51000,1608.22000,0.78000,436247,0.00584,0.00518,0.21618,0.19187,0.01880,0.56079,0.00000,0.00134,0.00000,0.00000,0.00000
620400,白银市,104.17000,36.55000,1779.17000,2.02000,1508156,0.00171,0.00437,0.37997,0.23036,0.01409,0.36648,0.00000,0.00301,0.00001,0.00000,0.00000
620500,天水市,105.72000,34.58000,1363.92000,1.40000,2981851,0.31173,0.00001,0.31656,0.28726,0.02666,0.05651,0.00000,0.00124,0.00003,0.00000,0.00000
620600,武威市,102.63000,37.93000,1543.13000,3.35000,1462072,0.02181,0.00431,0.24331,0.12137,0.00719,0.59311,0.00007,0.00097,0.00004,0.00000,0.00782
620700,张掖市,100.46000,38.93000,1480.36000,4.01000,1128436,0.02307,0.00619,0.38498,0.11898,0.00492,0.42495,0.00477,0.00256,0.00034,0.00000,0.02925
620800,平凉市,106.68000,35.54000,1514.47000,1.10000,1846342,0.18030,0.00002,0.38229,0.36080,0.01971,0.05601,0.00000,0.00087,0.00000,0.00000,0.00000
620900,酒泉市,98.51000,39.74000,1484.40000,17.75000,1050838,0.00011,0.00322,0.05192,0.02267,0.00181,0.90591,0.00290,0.00157,0.00177,0.00000,0.00811
621000,庆阳市,107.64000,35.73000,1321.72000,2.72000,2174794,0.11586,0.00001,0.60980,0.19551,0.00707,0.07147,0.00000,0.00028,0.00000,0.00000,0.00000
621100,定西市,104.63000,35.58000,2018.58000,1.94000,2520903,0.05308,0.00002,0.42120,0.43722,0.01394,0.07313,0.00000,0.00139,0.00001,0.00000,0.00000
621200,陇南市,104.93000,33.39000,1675.32000,2.70000,2403178,0.56213,0.00003,0.30348,0.09560,0.00751,0.02992,0.00000,0.00133,0.00000,0.00000,0.00000
622900,临夏回族自治州,103.21000,35.60000,2031.49000,0.80000,2107892,0.07773,0.00010,0.45096,0.31569,0.02130,0.11467,0.00000,0.01938,0.00002,0.00000,0.00017
623000,甘南藏族自治州,102.91000,34.99000,3061.95000,3.59000,690476,0.18167,0.00006,0.75492,0.01513,0.00209,0.02052,0.00002,0.00546,0.00948,0.00000,0.01065
630100,西宁市,101.78000,36.62000,2434.00000,0.76000,2466872,0.03880,0.00022,0.68890,0.15738,0.02948,0.05094,0.00000,0.00166,0.00003,0.00000,0.03260
632200,海北藏族自治州,100.90000,36.96000,3204.37000,3.52000,264845,0.01566,0.00041,0.71276,0.01558,0.00174,0.10072,0.00281,0.06565,0.00042,0.00000,0.08426
632300,黄南藏族自治州,102.02000,35.52000,2988.51000,1.78000,275712,0.01912,0.00002,0.93642,0.00928,0.00186,0.02154,0.00000,0.00264,0.00060,0.00000,0.00853
632500,海南藏族自治州,100.62000,36.28000,2951.35000,4.36000,445518,0.00271,0.00005,0.74540,0.01807,0.00377,0.13562,0.00002,0.06744,0.00027,0.00000,0.02666
632600,果洛藏族自治州,100.24000,34.47000,4024.38000,7.26000,214061,0.00419,0.00005,0.83054,0.00012,0.00082,0.04179,0.00154,0.02868,0.00930,0.00000,0.08298
632700,玉树藏族自治州,97.01000,33.00000,4254.59000,20.05000,422901,0.00164,0.00144,0.65438,0.00007,0.00042,0.23573,0.00522,0.02611,0.00262,0.00000,0.07236
632800,海西蒙古族藏族自治州,97.37000,37.37000,3159.50000,30.35000,466203,0.00004,0.00202,0.22601,0.00486,0.00082,0.67372,0.00882,0.02060,0.00187,0.00000,0.06124
640100,银川市,106.28000,38.47000,1109.53000,0.72000,2856405,0.01432,0.00003,0.20913,0.25789,0.08036,0.41415,0.00000,0.02402,0.00010,0.00000,0.00000
640200,石嘴山市,106.38000,39.01000,1197.63000,0.42000,749937,0.01025,0.00005,0.17448,0.32283,0.06782,0.38431,0.00000,0.03949,0.00077,0.00000,0.00000
640300,吴忠市,106.20000,37.99000,1121.59000,1.71000,1379882,0.00129,0.00103,0.41325,0.17848,0.02024,0.38030,0.00000,0.00540,0.00001,0.00000,0.00000
640400,固原市,106.29000,36.00000,1803.23000,1.05000,1140463,0.05285,0.00009,0.44840,0.40336,0.01723,0.07475,0.00000,0.00330,0.00001,0.00000,0.00000
640500,中卫市,105.19000,37.51000,1250.79000,1.38000,1065519,0.00073,0.00085,0.34326,0.18406,0.01837,0.44605,0.00000,0.00666,0.00001,0.00000,0.00000
650100,乌鲁木齐市,87.62000,43.79000,935.33000,1.54000,3609699,0.03786,0.01061,0.36480,0.03104,0.02960,0.49580,0.00656,0.00700,0.00045,0.00000,0.01628
650200,克拉玛依市,84.87000,45.60000,422.06000,0.85000,489741,0.00142,0.02134,0.13347,0.06642,0.01664,0.72913,0.00000,0.01578,0.01580,0.00000,0.00000
650400,吐鲁番市,89.18000,42.95000,69.37000,7.63000,691643,0.00035,0.00398,0.05929,0.01574,0.00243,0.91237,0.00023,0.00014,0.00010,0.00000,0.00535
650500,哈密市,93.51000,42.83000,774.13000,15.16000,672240,0.00251,0.00180,0.06935,0.00746,0.00134,0.91273,0.00041,0.00077,0.00003,0.00000,0.00359
652300,昌吉回族自治州,87.30000,44.01000,582.20000,8.29000,1609065,0.02439,0.01227,0.21145,0.11752,0.00564,0.61316,0.00307,0.00225,0.00020,0.00000,0.01004
652700,博尔塔拉蒙古自治州,82.07000,44.90000,530.17000,2.75000,498172,0.02762,0.00660,0.47682,0.09308,0.00612,0.30117,0.00641,0.04869,0.00076,0.00000,0.03273
652800,巴音郭楞蒙古自治州,86.15000,41.77000,1035.83000,49.33000,1611449,0.00092,0.00272,0.07463,0.01660,0.00077,0.87509,0.00605,0.00990,0.00094,0.00000,0.01238
652900,阿克苏地区,80.27000,41.17000,1115.54000,13.67000,2710240,0.00504,0.00760,0.08028,0.10781,0.00377,0.75402,0.02516,0.00357,0.00011,0.00000,0.01263
653000,克孜勒苏柯尔克孜自治州,76.17000,39.71000,1352.59000,7.32000,620021,0.00121,0.00407,0.20443,0.01780,0.00126,0.65365,0.03619,0.00436,0.00010,0.00000,0.07693
653100,喀什地区,75.99000,39.47000,1306.72000,11.34000,4491870,0.00096,0.01027,0.05761,0.11662,0.00612,0.72666,0.06013,0.00435,0.00046,0.00000,0.01682
654000,伊犁哈萨克自治州,81.32000,43.92000,651.11000,6.13000,2844454,0.06782,0.00088,0.60815,0.13212,0.01225,0.08710,0.02406,0.00643,0.00010,0.00000,0.06109
654200,塔城地区,82.99000,46.75000,566.56000,10.92000,1133399,0.01211,0.00485,0.48105,0.11963,0.00448,0.34476,0.00825,0.00328,0.00054,0.00000,0.02107
654300,阿勒泰地区,88.14000,47.85000,1104.58000,13.82000,667173,0.03642,0.01039,0.28610,0.02919,0.00080,0.54477,0.00169,0.01484,0.00253,0.00000,0.07328
659001,石河子市,86.04000,44.31000,480.31000,0.05000,606845,0.02678,0.09400,0.09838,0.36782,0.16870,0.23412,0.00000,0.00687,0.00334,0.00000,0.00000
659004,五家渠市,87.53000,44.17000,473.54000,0.08000,153553,0.00063,0.08275,0.09508,0.39320,0.04926,0.35329,0.00000,0.02132,0.00446,0.00000,0.00000
